{"extracted_information": "The web content provides a secure contact form for users to communicate with the organization. Contact is exclusively through the secure contact form for security reasons. Social media platforms serve as additional support channels. No direct email contact is provided for security purposes.", "specifications": {}, "pricing": {}, "features": [], "statistics": {}, "temporal_info": {"copyright_year": "2024"}, "geographical_data": {}, "references": [], "contact_information": {"contact_form": {"fields": ["Your Name", "Your Email", "Phone Number", "Service Type", "Message"], "security_note": "Secure contact form only - no direct email for security"}}, "support_channels": [{"platform": "Secure Contact Form", "details": "Primary contact method for security"}, {"platform": "Facebook", "link": "#"}, {"platform": "Telegram", "link": "#"}, {"platform": "X-twitter", "link": "#"}], "team_details": "No specific team details (names, roles) are provided in the content."}