{
  "title": "GoldBackBond Official Whitepaper",
  "subtitle": "Series 1934 Federal Reserve Gold Certificate Bearer Instruments",
  "version": "2.0",
  "last_updated": "2025-06-27",
  "executive_summary": {
    "overview": "Goldbackbond Inc. represents approximately 108 1934 Federal Reserve Gold Certificate Bearer Instruments with strip coupons. These bonds are confirmed as valid and negotiable according to the US Treasury Manual, housed in three specially fabricated Bronze Boxes with supporting documentation. Goldbackbond Inc is an RWA and Bitcoin Treasury Company offering digital asset services and tenders to the private capital markets.",
    "key_features": [
      "Federal Reserve Gold Certificate Bearer Instruments from 1934",
      "Authenticated through extensive forensic examination",
      "Continuous US residence with confirmed chain of custody",
      "Valid and negotiable according to US Treasury Manual"
    ],
    "value_proposition": "The bonds offer significant monetization opportunities through direct sale/purchase and collateralization, with valuations ranging from $2.32 billion per bond based on the 2025 independent evaluation, to $11.97 billion per bond in today's live spot gold value based on 100 metric tons of gold backing per bond."
  },
  "description_and_provenance": {
    "ownership": {
      "owner": "USDGB Trust Fund",
      "nationality": "United States of America",
      "status": "Held in trust",
      "acquisition_method": "Acquired from the mandated agent of the South African Government in settlement of a legal claim"
    },
    "bond_specifications": {
      "series": "1934",
      "type": "Federal Reserve Gold Certificate Bearer Instruments",
      "quantity": "108",
      "features": [
        "Strip coupons included",
        "Bearer instruments",
        "Gold certificate backing",
        "No termination date"
      ],
      "housing": "Three specially fabricated Bronze Boxes with supporting documentation"
    },
    "provenance_chain": {
      "creation": "Likely created at the request of the Central Bank of China",
      "initial_use": "US Government payment for oil from Iran",
      "secondary_use": "Iran used instruments to buy gold from South Africa",
      "acquisition": "Riad acquired from South African Government's mandated agent",
      "custody_history": [
        {
          "period": "1934-2003",
          "location": "Bureau of Engraving & Printing vault of the US Treasury"
        },
        {
          "period": "2003-present",
          "location": "Vault of a large US bank"
        }
      ],
      "residence": "Continuous residence in the United States"
    }
  },
  "authentication": {
    "overview": "Extensive authentication efforts have confirmed the authenticity of both the bonds and bronze boxes through multiple independent verification methods.",
    "authentication_methods": [
      {
        "method": "Independent Expert Reports",
        "details": {
          "harmon_reports": {
            "expert": "Mr Kermit Harmon, PE, CEM, CCP, DGCP",
            "credentials": "Former US Federal Reserve official, consultant to US Treasury",
            "reports": [
              {
                "name": "Harmon Authentication Report",
                "date": "23 February 2008",
                "conclusion": "Bonds are genuine and authentic Bureau of Engraving and Printing issued bonds"
              },
              {
                "name": "Harmon Supplemental Report", 
                "date": "10 July 2009",
                "conclusion": "Serial numbers represent genuine Federal Reserve bond numbers"
              },
              {
                "name": "Harmon Re-Issued Report",
                "date": "9 April 2025",
                "conclusion": "Serial numbers are legitimate and physical tests evidence authenticity"
              }
            ]
          },
          "colburn_report": {
            "expert": "Dr Bruce Colburn, PhD, PE, CEM",
            "credentials": "Former Associate Professor of Engineering at Texas A&M University",
            "date": "24 March 2009",
            "conclusion": "Extremely confident the boxes and bonds are genuine, not forgeries"
          }
        }
      },
      {
        "method": "US Treasury Archives",
        "details": "Acknowledge the existence of the bonds with evidence of Chinese request for financial assistance"
      },
      {
        "method": "US Treasury Manual",
        "reference": "Volume II, Part 6, § 3020",
        "confirmation": "Acknowledges existence, validity and negotiability of Series 1934 Bonds"
      },
      {
        "method": "US Secret Service Inspection",
        "year": "2008",
        "result": "Inspected three bonds and returned without incident, implicitly accepting authenticity"
      },
      {
        "method": "Wells Fargo Bank Due Diligence",
        "year": "2011",
        "result": "Issued Safekeeping Receipt (SKR) for USD 750 billion and Certificate of Deposit Authorization for USD 5 billion"
      }
    ],
    "security_features": [
      {
        "feature": "Serial Numbers",
        "description": "Genuine Federal Reserve bond numbers matching plate run positions"
      },
      {
        "feature": "Paper Stock", 
        "description": "BEP rag paper with blue and red security fibers from US sources"
      },
      {
        "feature": "Paper Thickness",
        "measurement": "0.004 inches (4 mils)",
        "consistency": "Exactly same thickness as BEP gold certificates from 1914 to present"
      },
      {
        "feature": "Printing Process",
        "method": "Intaglio printing process used by BEP"
      },
      {
        "feature": "Preservation",
        "description": "Coated with mineral oil material for preservation"
      },
      {
        "feature": "Hidden Security Features",
        "status": "Undisclosed security features present"
      }
    ]
  },
  "valuation": {
    "per_bond_breakdown": {
      "accumulated_interest_2025": "$1,320,000,000",
      "total_per_bond_2025": "$2,320,000,000",
      "note": "Based on 2025 independent evaluation"
    },
    "total_portfolio_value": {
      "currency_methodology": "$250,560,000,000",
      "gold_methodology": "$1,292,882,870,372",
      "note": "Total asset value available for lending and collateralization"
    },
    "methodologies": [
      {
        "name": "Currency Value Methodology (2025)",
        "total_per_bond": "$2,320,000,000",
        "components": {
          "accumulated_interest": "$1,320,000,000"
        },
        "basis_for_discussions": true,
        "reason": "Independent evaluation completed in 2014, updated in 2025"
      },
      {
        "name": "Gold Value Methodology (Current)", 
        "total_per_bond": "$11,971,137,688",
        "components": {
          "live_spot_pricing": true
        },
        "original_gold_equivalent": "100 metric tons of gold per bond",
        "total_gold_kilograms": "10,800,000",
        "live_spot_pricing": true,
        "note": "Live spot value based on current gold prices for 10,800,000 kg of gold"
      }
    ],
    "portfolio_summary": {
      "title": "Total Portfolio Value",
      "currency_methodology": {
        "value": "$250,560,000,000",
        "description": "Conservative valuation based on 2025 independent evaluation"
      },
      "gold_methodology": {
        "value": "$1,292,882,870,372", 
        "description": "Live spot gold value methodology based on 10,800,000 kg of gold"
      },
      "lending_implications": "This portfolio value represents the total asset backing available for lending operations, providing substantial collateral for lending platform participants"
    }
  },
  "monetization_opportunities": {
    "overview": "Two principal methods for monetizing the bonds with anticipated combination approach due to high values",
    "total_available_assets": {
      "conservative_value": "$250,560,000,000",
      "current_gold_value": "$949,428,000,000",
      "note": "Total portfolio value available for lending and collateralization activities"
    },
    "methods": [
      {
        "method": "Direct Sale and Purchase",
        "terms": "At agreed discount to fair value",
        "approach": "Negotiated transactions with qualified buyers"
      },
      {
        "method": "Collateralization",
        "loan_to_value": "75% of pledged bond value",
        "applications": [
          "Raising loans",
          "Bank guarantees", 
          "Other negotiable instruments"
        ]
      }
    ],
    "fee_structure": {
      "financial_institutions": "Appropriate fees for services",
      "facilitators": "Commissions to recognized facilitators"
    },
    "use_of_proceeds": {
      "primary_purpose": "Strategic investments in sectors and regions of interest",
      "structure": "Potential joint venture formation with counterparties"
    },
    "objectives": [
      "Legal and economically secure monetization",
      "Benefit all involved parties",
      "Create sustainable investment opportunities"
    ]
  },
  "technical_specifications": {
    "blockchain_integration": {
      "platform": "LayerZero protocol",
      "multi_chain_access": "100+ blockchain networks",
      "benefits": "Seamless cross-chain functionality without bridging"
    },
    "smart_contract_features": {
      "staking_mechanism": "12-month staking periods",
      "current_apy": "50%",
      "leverage_ratio": "3:1 gold certificate value for stakers",
      "loan_to_value": "Up to 70% LTV with participating lenders",
      "third_party_integration": "Built-in lender participation protocols"
    },
    "tokenomics": {
      "backing": "1:1 USD peg with gold certificate support",
      "stability_mechanism": "Federal gold certificate backing",
      "total_backing_value": "$250,560,000,000 face value in federal gold certificates"
    }
  },
  "regulatory_compliance": {
    "us_treasury_manual_compliance": true,
    "federal_reserve_recognition": true,
    "banking_regulations": {
      "regulation_r": "12 CFR 218 - Custodian licensing compliance",
      "securities_exchange_act": "Section 3(a)(4) of the Securities Exchange Act of 1934"
    },
    "due_diligence_completion": [
      "Wells Fargo Bank",
      "Federal Reserve Bank of New York inspection"
    ]
  },
  "risk_factors": [
    {
      "risk": "Market Liquidity",
      "description": "High-value instruments may have limited immediate buyer pool"
    },
    {
      "risk": "Regulatory Changes", 
      "description": "Future changes in federal regulations could impact negotiability"
    },
    {
      "risk": "Counterparty Risk",
      "description": "Dependence on qualified financial institutions for monetization"
    }
  ],
  "appendices": {
    "documentation_count": 24,
    "categories": [
      "Legal documentation",
      "Authentication reports", 
      "Forensic examination results",
      "Historical provenance records",
      "Financial institution confirmations",
      "Regulatory compliance documentation"
    ]
  },
  "references": [
    {
      "type": "Official Documentation",
      "source": "US Treasury Financial Manual, Volume II, Part 6, § 3020"
    },
    {
      "type": "Authentication Report",
      "source": "Harmon Authentication Reports (2008, 2009, 2014)"
    },
    {
      "type": "Authentication Report", 
      "source": "Colburn Authentication Report (2009)"
    },
    {
      "type": "Legal Attestation",
      "source": "Senn Law Firm Attestation (2014)"
    },
    {
      "type": "Financial Institution",
      "source": "Wells Fargo Safekeeping Receipt and CD Authorization (2011)"
    },
    {
      "type": "Academic Reference",
      "source": "Authoritative US Coins and Currency (3rd edition)"
    }
  ],
  "contact_information": {
    "website": "https://goldbackbond.com",
    "documentation": "https://goldbackbond.gitbook.io/docs",
    "social_media": {
      "twitter": "https://goldbackbond.com/#",
      "instagram": "https://goldbackbond.com/#",
      "telegram": "https://goldbackbond.gitbook.io/docs"
    }
  }
}
